Z.Aydinlioglu@hotmail.com	1
S.Yıldırımer@hotmail.com	1
H.Sugoturen@hotmail.com	2
S.Remzi@hotmail.com	3
K.Uz@hotmail.com	3
İ.Yerliyurt@hotmail.com	4
T.Eryılmaz@hotmail.com	5
L.Akkut@hotmail.com	6
A.Oz@hotmail.com	7
A.Aksoy@hotmail.com	7
A.Oz@hotmail.com	8
T.Eryılmaz@hotmail.com	9
İ.Ocar@hotmail.com	9
S.Kalsın@hotmail.com	9
S.Candan@hotmail.com	10
F.Dundar@hotmail.com	11
Ö.Kaska@hotmail.com	11
S.Kalsın@hotmail.com	12
B.Purcu@hotmail.com	13
G.Soker@hotmail.com	14
M.Kocabas@hotmail.com	14
B.Ozay@hotmail.com	15
İ.Ocar@hotmail.com	16
A.AvcıOzsoy@hotmail.com	17
T.Eryılmaz@hotmail.com	18
İ.Ocar@hotmail.com	19
H.Sugoturen@hotmail.com	20
İ.Yerliyurt@hotmail.com	20
İ.Yerliyurt@hotmail.com	21
M.Ozaydın@hotmail.com	23
İ.Yerliyurt@hotmail.com	24
H.Beydag@hotmail.com	26